{
  "RotationMultiplier": 2,
  "Radius": 651.2000122070312,
  "RatioRadius": 1.0672000646591187,
  "StartAngle": 31.680002212524414,
  "LineWeight": 0.64000004529953,
  "NbLines": 9,
  "NbSteps": 18,
  "Rotation": 97.92000579833984,
  "Mirror": true,
  "NbStepsMultiplier": 1,
  "RatioWeight": 1
}