{
  "Style": {
    "backgroundColor": -1,
    "lineColor": -13877680,
    "lineWidth": 0.9833333492279053
  },
  "Page": {
    "clipping": true,
    "clip_width": 873.3333129882812,
    "name": "",
    "clip_height": 866.6666870117188,
    "global_scale": 0.6470590233802795
  },
  "Main": {
    "RotationMultiplier": 2,
    "Radius": 344,
    "RatioRadius": 1.0672000646591187,
    "StartAngle": 31.680002212524414,
    "NbLines": 13,
    "NbSteps": 18,
    "Rotation": 97.92000579833984,
    "Mirror": true,
    "NbStepsMultiplier": 1,
    "RotationTwitch": 0
  }
}