{
    "Style": {
        "backgroundColor": -16118253,
        "lineColor": -2659,
        "lineWidth": 0.9833333492279053
    },
    "Main": {
        "RotationMultiplier": 2,
        "Radius": 651.2000122070312,
        "RatioRadius": 1.0672000646591187,
        "StartAngle": 31.680002212524414,
        "NbLines": 9,
        "NbSteps": 18,
        "Rotation": 97.92000579833984,
        "Mirror": true,
        "NbStepsMultiplier": 1
    }
}