{
  "Style": {
    "backgroundColor": -1,
    "lineColor": -4246004,
    "lineWidth": 0.9833333492279053
  },
  "Page": {
    "clipping": true,
    "clip_width": 1186.666748046875,
    "clip_height": 866.6666870117188,
    "global_scale": 1
  },
  "Main": {
    "RotationMultiplier": 2,
    "Radius": 242.6666717529297,
    "RatioRadius": 1.0640000104904175,
    "StartAngle": 0,
    "NbLines": 13,
    "NbSteps": 40,
    "Rotation": 84.5999984741211,
    "Mirror": true,
    "NbStepsMultiplier": 1,
    "RotationTwitch": -0.059999942779541016
  }
}