{
  "Style": {
    "backgroundColor": -16118253,
    "lineColor": -2659,
    "lineWidth": 0.9833333492279053
  },
  "Page": {
    "clipping": false,
    "clip_width": 753.3333129882812,
    "clip_height": 546.6666870117188,
    "global_scale": 1
  },
  "Main": {
    "RotationMultiplier": 8,
    "Radius": 384,
    "RatioRadius": 1.0040000677108765,
    "StartAngle": 0,
    "NbLines": 3,
    "NbSteps": 7,
    "Rotation": 90.5999984741211,
    "Mirror": false,
    "NbStepsMultiplier": 4,
    "RotationTwitch": 3
  }
}