{
  "Style": {
    "backgroundColor": -16118253,
    "lineColor": -2659,
    "lineWidth": 0.9833333492279053
  },
  "Page": {
    "clipping": false,
    "clip_width": 753.3333129882812,
    "margin": 0,
    "clip_height": 546.6666870117188,
    "paper_format": 1,
    "global_scale": 0.6785714030265808
  },
  "Main": {
    "RotationMultiplier": 8,
    "Radius": 800,
    "RatioRadius": 0.9813333749771118,
    "StartAngle": 135.60000610351562,
    "NbLines": 3,
    "NbSteps": 27,
    "Rotation": 67.19999694824219,
    "Mirror": false,
    "NbStepsMultiplier": 4,
    "RotationTwitch": 3
  }
}