{
    "Style": {
        "backgroundColor": -16118253,
        "lineColor": -2659,
        "lineWidth": 0.9833333492279053
    },
    "Page": {
        "clipping": false,
        "clip_width": 753.3333129882812,
        "name": "",
        "clip_height": 546.6666870117188,
        "global_scale": 1
    },
    "Main": {
        "RotationMultiplier": 1,
        "Radius": 158.40000915527344,
        "RatioRadius": 1.1024000644683838,
        "NbLines": 6,
        "NbSteps": 2,
        "StartAngle": 90,
        "Rotation": 173.52000427246094,
        "Mirror": false,
        "NbStepsMultiplier": 5
    }
}