{
  "RotationMultiplier": 2,
  "Radius": 800,
  "RatioRadius": 1.068000078201294,
  "StartAngle": 23.040000915527344,
  "LineWeight": 0,
  "NbLines": 8,
  "NbSteps": 57,
  "Rotation": 88.92000579833984,
  "Mirror": true,
  "NbStepsMultiplier": 1,
  "RatioWeight": 0
}