{
    "Style": {
        "backgroundColor": -16118253,
        "lineColor": -2659,
        "lineWidth": 0.9833333492279053
    },
    "Main": {
        "RotationMultiplier": 2,
        "Radius": 800,
        "RatioRadius": 1.068000078201294,
        "StartAngle": 23.040000915527344,
        "NbLines": 8,
        "NbSteps": 57,
        "Rotation": 88.92000579833984,
        "Mirror": true,
        "NbStepsMultiplier": 1
    }
}