{
  "RotationMultiplier": 2,
  "Radius": 6.400000095367432,
  "RatioRadius": 1.1047999858856201,
  "LineWeight": 0,
  "NbLines": 13,
  "NbSteps": 33,
    "StartAngle": 90,
  "Rotation": 83.8800048828125,
  "Mirror": true,
  "NbStepsMultiplier": 2,
  "RatioWeight": 1
}