{
    "Style": {
        "backgroundColor": -16118253,
        "lineColor": -2659,
        "lineWidth": 0.9833333492279053
    },
    "Main": {
        "RotationMultiplier": 1,
        "Radius": 443.20001220703125,
        "RatioRadius": 0.800000011920929,
        "NbLines": 19,
        "NbSteps": 8,
        "StartAngle": 90,
        "Rotation": 19.080001831054688,
        "Mirror": true,
        "NbStepsMultiplier": 1
    }
}