{
    "Style": {
        "backgroundColor": -16118253,
        "lineColor": -2659,
        "lineWidth": 0.9833333492279053
    },
    "Main": {
        "RotationMultiplier": 1,
        "Radius": 475.2000427246094,
        "RatioRadius": 0.8504000306129456,
        "NbLines": 36,
        "NbSteps": 14,
        "StartAngle": 90,
        "Rotation": 10.440000534057617,
        "Mirror": true,
        "NbStepsMultiplier": 1
    }
}