{
  "Style": {
    "backgroundColor": -16118253,
    "lineColor": -2659,
    "lineWidth": 0.9833333492279053
  },
  "Page": {
    "clipping": false,
    "clip_width": 753.3333129882812,
    "name": "",
    "clip_height": 546.6666870117188,
    "global_scale": 1
  },
  "Main": {
    "RotationMultiplier": 1,
    "Radius": 800,
    "RatioRadius": 0.9920000433921814,
    "StartAngle": 0,
    "NbLines": 1,
    "NbSteps": 84,
    "Rotation": 134.39999389648438,
    "Mirror": false,
    "NbStepsMultiplier": 5,
    "RotationTwitch": -0.18000006675720215
  }
}