{
  "Page": {
    "clipping": false,
    "clip_width": 753.3333129882812,
    "name": "",
    "clip_height": 546.6666870117188,
    "global_scale": 1
  },
  "Style": {
    "backgroundColor": -16118253,
    "lineColor": -2659,
    "lineWidth": 0.9833333492279053
  },
  "Main": {
    "RotationMultiplier": 1,
    "Radius": 11.200000762939453,
    "RatioRadius": 1.009600043296814,
    "StartAngle": 0,
    "NbLines": 1,
    "NbSteps": 84,
    "Rotation": 101.16000366210938,
    "Mirror": false,
    "NbStepsMultiplier": 7,
    "RotationTwitch": 1
  }
}