{
  "Style": {
    "backgroundColor": -16118253,
    "lineColor": -2659,
    "lineWidth": 0.9833333492279053
  },
  "Page": {
    "clipping": true,
    "clip_width": 1133.3333740234375,
    "clip_height": 820,
    "global_scale": 0.6249998807907104
  },
  "Main": {
    "RotationMultiplier": 2,
    "Radius": 29.333335876464844,
    "RatioRadius": 1.1047999858856201,
    "StartAngle": 0,
    "NbLines": 22,
    "NbSteps": 19,
    "Rotation": 44.400001525878906,
    "Mirror": true,
    "NbStepsMultiplier": 2,
    "RotationTwitch": 2.5999999046325684
  }
}