{
    "Style": {
        "backgroundColor": -16118253,
        "lineColor": -2659,
        "lineWidth": 0.9833333492279053
    },
    "Page": {
        "clipping": true,
        "clip_width": 1713.3333740234375,
        "name": "",
        "clip_height": 1113.3333740234375,
        "global_scale": 0.5617978572845459
    },
    "Main": {
        "RotationMultiplier": 1,
        "Radius": 331.20001220703125,
        "RatioRadius": 0.8519999980926514,
        "StartAngle": 0,
        "NbLines": 15,
        "NbSteps": 30,
        "Rotation": 139.6800079345703,
        "Mirror": false,
        "NbStepsMultiplier": 1
    }
}